n,graph6,pn(G),pn(Ln),pn(star)
18,Q????A?WC`QCF?B_@W?M?WO@_O?,22464,22532,7072
18,Q????A?WC`QCF?Ao@W?M?X?@_O?,16908,22532,7072
18,Q????B?K?WWOo_KCEG?F?BO?KG?,7692,22532,7072
18,Q????B?K?WWCw?CcCW?e?BO?KG?,20064,22532,7072
18,Q????B?K?WWCw??sCW?e?F??KG?,21516,22532,7072
18,Q????B?K?WWCo_KCCW?e?BO?KG?,17440,22532,7072
18,Q????B?K?WWCo_GSEG?e?B_?KG?,7488,22532,7072
18,Q???C@?g?oGcPGgOCQ?M?E_?WG?,16512,22532,7072
18,Q???C@?g?oSAPGPGCW?M?E_?WG?,12832,22532,7072
18,Q???C@?g?oSAEAEOCgAK?@g@A_?,19392,22532,7072
18,Q???C@?K@OOg`OOgGS?k?EC?gG?,7072,22532,7072
18,Q???C@?K?WEOK__cWCAB?BO?KG?,19980,22532,7072
18,Q???C@?K?WWGoGKCEO?F?B_?KG?,7296,22532,7072
18,Q???C@?K?WOW_oWCCSA`?F??KG?,19968,22532,7072
18,Q???C@?K?WOW_oKCM?AD?BG?KG?,7380,22532,7072
18,Q???C@?K?WEAk?o_GS?F?BO?KG?,15552,22532,7072
18,Q???C@?K?WEAk?o_GK?F?B_?KG?,20160,22532,7072
18,Q???C@?K?WEAk?oGGW?F?B_?KG?,22368,22532,7072
18,Q???C@?K?WEAK__oWOAB?BG?KG?,21856,22532,7072
18,Q???C@?K?WEAK__oWGAD?BG?KG?,17056,22532,7072
18,Q???CA@WA_@__oB@@o@D?KC@OG?,18208,22532,7072
18,Q??CA?_C?WWOoOGoEA?`_BG?KG?,18816,22532,7072
18,Q??CA?__aAB?g_OWCa?HOF??WC?,20428,22532,7072
